"filename", "language", "HTML", "JavaScript", "JSON", "JSON with Comments", "TypeScript", "Markdown", "XML", "TypeScript JSX", "PostCSS", "YAML", "comment", "blank", "total"
"c:\projects\test-app-234asd\README.md", "Markdown", 0, 0, 0, 0, 0, 60, 0, 0, 0, 0, 0, 16, 76
"c:\projects\test-app-234asd\eslint.config.js", "JavaScript", 0, 21, 0, 0, 0, 0, 0, 0, 0, 0, 0, 2, 23
"c:\projects\test-app-234asd\index.html", "HTML", 13, 0, 0, 0, 0, 0, 0, 0, 0, 0, 0, 1, 14
"c:\projects\test-app-234asd\package.json", "JSON", 0, 0, 36, 0, 0, 0, 0, 0, 0, 0, 0, 1, 37
"c:\projects\test-app-234asd\pnpm-lock.yaml", "YAML", 0, 0, 0, 0, 0, 0, 0, 0, 0, 1834, 0, 502, 2336
"c:\projects\test-app-234asd\public\favicon.svg", "XML", 0, 0, 0, 0, 0, 0, 1, 0, 0, 0, 0, 0, 1
"c:\projects\test-app-234asd\public\icons.svg", "XML", 0, 0, 0, 0, 0, 0, 24, 0, 0, 0, 0, 1, 25
"c:\projects\test-app-234asd\src\App.tsx", "TypeScript JSX", 0, 0, 0, 0, 0, 0, 0, 18, 0, 0, 0, 5, 23
"c:\projects\test-app-234asd\src\api\client.ts", "TypeScript", 0, 0, 0, 0, 8, 0, 0, 0, 0, 0, 0, 1, 9
"c:\projects\test-app-234asd\src\api\contact\getContact.ts", "TypeScript", 0, 0, 0, 0, 23, 0, 0, 0, 0, 0, 0, 5, 28
"c:\projects\test-app-234asd\src\api\contact\types.ts", "TypeScript", 0, 0, 0, 0, 6, 0, 0, 0, 0, 0, 1, 1, 8
"c:\projects\test-app-234asd\src\api\messages\message.ts", "TypeScript", 0, 0, 0, 0, 58, 0, 0, 0, 0, 0, 2, 7, 67
"c:\projects\test-app-234asd\src\api\messages\types.ts", "TypeScript", 0, 0, 0, 0, 57, 0, 0, 0, 0, 0, 1, 5, 63
"c:\projects\test-app-234asd\src\assets\react.svg", "XML", 0, 0, 0, 0, 0, 0, 1, 0, 0, 0, 0, 0, 1
"c:\projects\test-app-234asd\src\assets\vite.svg", "XML", 0, 0, 0, 0, 0, 0, 1, 0, 0, 0, 0, 1, 2
"c:\projects\test-app-234asd\src\components\addContact.tsx", "TypeScript JSX", 0, 0, 0, 0, 0, 0, 0, 88, 0, 0, 0, 15, 103
"c:\projects\test-app-234asd\src\components\chat-list.tsx", "TypeScript JSX", 0, 0, 0, 0, 0, 0, 0, 123, 0, 0, 0, 9, 132
"c:\projects\test-app-234asd\src\components\chat-window.tsx", "TypeScript JSX", 0, 0, 0, 0, 0, 0, 0, 129, 0, 0, 1, 9, 139
"c:\projects\test-app-234asd\src\components\login.tsx", "TypeScript JSX", 0, 0, 0, 0, 0, 0, 0, 58, 0, 0, 2, 11, 71
"c:\projects\test-app-234asd\src\components\messenger.tsx", "TypeScript JSX", 0, 0, 0, 0, 0, 0, 0, 100, 0, 0, 5, 17, 122
"c:\projects\test-app-234asd\src\hooks\getContacts.tsx", "TypeScript JSX", 0, 0, 0, 0, 0, 0, 0, 36, 0, 0, 0, 7, 43
"c:\projects\test-app-234asd\src\hooks\useMessages.tsx", "TypeScript JSX", 0, 0, 0, 0, 0, 0, 0, 40, 0, 0, 3, 9, 52
"c:\projects\test-app-234asd\src\hooks\useNotificationPolling.tsx", "TypeScript JSX", 0, 0, 0, 0, 0, 0, 0, 36, 0, 0, 2, 9, 47
"c:\projects\test-app-234asd\src\index.css", "PostCSS", 0, 0, 0, 0, 0, 0, 0, 0, 1, 0, 0, 1, 2
"c:\projects\test-app-234asd\src\lib\api-helper.ts", "TypeScript", 0, 0, 0, 0, 8, 0, 0, 0, 0, 0, 0, 2, 10
"c:\projects\test-app-234asd\src\lib\message-mapper.ts", "TypeScript", 0, 0, 0, 0, 15, 0, 0, 0, 0, 0, 1, 1, 17
"c:\projects\test-app-234asd\src\lib\messenger-data.ts", "TypeScript", 0, 0, 0, 0, 86, 0, 0, 0, 0, 0, 1, 3, 90
"c:\projects\test-app-234asd\src\lib\utils.ts", "TypeScript", 0, 0, 0, 0, 5, 0, 0, 0, 0, 0, 1, 0, 6
"c:\projects\test-app-234asd\src\main.tsx", "TypeScript JSX", 0, 0, 0, 0, 0, 0, 0, 9, 0, 0, 0, 2, 11
"c:\projects\test-app-234asd\tsconfig.app.json", "JSON", 0, 0, 22, 0, 0, 0, 0, 0, 0, 0, 2, 3, 27
"c:\projects\test-app-234asd\tsconfig.json", "JSON with Comments", 0, 0, 0, 12, 0, 0, 0, 0, 0, 0, 0, 2, 14
"c:\projects\test-app-234asd\tsconfig.node.json", "JSON", 0, 0, 19, 0, 0, 0, 0, 0, 0, 0, 2, 3, 24
"c:\projects\test-app-234asd\vite.config.ts", "TypeScript", 0, 0, 0, 0, 7, 0, 0, 0, 0, 0, 1, 2, 10
"Total", "-", 13, 21, 77, 12, 273, 60, 27, 637, 1, 1834, 25, 653, 3633